<?xml version="1.0" encoding="UTF-8" ?>
<!DOCTYPE configuration
  PUBLIC "-//mybatis.org//DTD Config 3.0//EN"
  "http://mybatis.org/dtd/mybatis-3-config.dtd">

<configuration>
	
	<properties resource="db.properties" />
		
	<typeAliases>
		<typeAlias type="kr.or.ddit.board.vo.BoardVO" alias="BoardVO"/>
	</typeAliases>

	<environments default="dev">
<!--<environments default="real"> 용도를 정해서 default 값을 바꾸면 됨-->
			
		<environment id="dev">
			<transactionManager type="JDBC" />
			<dataSource type="POOLED"> <!-- connection pool -->
			<property name="driver" value="${driver}"/>
			<property name="url" value="${url}"/>
			<property name="username" value="${username}"/>
			<property name="password" value="${password}"/>
			<!-- 활성화된 최대 커넥션 수 -->
			<property name="poolMaximumActiveConnections" value="2"/>
			<!-- 유휴(어떠한 프로그램에 의해서도 사용되지 않는 상태) 상태에서 최대 커넥션 수 -->
			<property name="poolMaximumIdleConnections" value="2"/>
			</dataSource>
		</environment>
		
		<!-- 
		<environment id="real">
			<transactionManager type="JDBC" />
			<dataSource type="POOLED">
			<property name="driver" value="${driver}"/>
			<property name="url" value="${url}"/>
			<property name="username" value="${username}"/>
			<property name="password" value="${password}"/>
			<property name="poolMaximumActiveConnections" value="2"/>
			<property name="poolMaximumIdleConnections" value="2"/>
			</dataSource>
		</environment>
		 -->
	
	</environments>
	
	<mappers>
	<mapper resource="kr/or/ddit/board/board.xml" />
	</mappers>

</configuration>